Semester,Project,Reviewer,A,B,C,D,E,F,Total_AI_Findings,Human_Overlap,AI_Unique_Rate,Human_Overlap_Pct,AI_Unique_Rate_Pct
W21,01,Alex,8,0,5,2,3,0,15,0.4,0.8667,40.0%,86.7%
W21,01,Charlie,5,2,8,0,4,0,15,0.2,0.8667,20.0%,86.7%
W21,01,Doug,8,0,6,1,4,0,15,0.2,0.9333,20.0%,93.3%
W21,01,Evan,6,1,8,0,4,0,15,0.2,0.9333,20.0%,93.3%
W21,02,Alex,7,1,7,0,2,0,15,0.3333,0.9333,33.3%,93.3%
W21,02,Charlie,10,1,3,1,1,0,15,0.6667,0.8667,66.7%,86.7%
W21,02,Doug,10,0,8,0,3,0,18,0.0,1.0,0.0%,100.0%
W21,02,Evan,8,0,4,1,2,0,13,0.3333,0.9231,33.3%,92.3%
W21,03,Alex,3,4,7,1,2,0,15,0.6667,0.6667,66.7%,66.7%
W21,03,Charlie,5,2,8,0,3,0,15,0.5,0.8667,50.0%,86.7%
W21,03,Doug,7,1,8,1,4,0,17,0.3333,0.8824,33.3%,88.2%
W21,03,Evan,3,1,5,1,3,1,10,0.4,0.8,40.0%,80.0%
W21,04,Alex,8,0,7,0,5,0,15,0.0,1.0,0.0%,100.0%
W21,04,Charlie,6,0,9,0,5,0,15,0.0,1.0,0.0%,100.0%
W21,04,Doug,6,1,5,3,2,0,15,0.6,0.7333,60.0%,73.3%
W21,04,Evan,2,1,6,0,4,0,9,0.2,0.8889,20.0%,88.9%
W21,05,Alex,5,2,7,1,3,0,15,0.5,0.8,50.0%,80.0%
W21,05,Charlie,7,1,9,1,4,0,18,0.3333,0.8889,33.3%,88.9%
W21,05,Doug,7,1,7,0,4,0,15,0.3333,0.9333,33.3%,93.3%
W21,05,Evan,5,1,4,1,4,0,11,0.3333,0.8182,33.3%,81.8%
W21,06,Alex,6,0,5,3,7,1,14,0.2222,0.7857,22.2%,78.6%
W21,06,Charlie,6,0,4,5,4,0,15,0.6,0.6667,60.0%,66.7%
W21,06,Doug,4,2,5,3,2,1,14,0.7778,0.6429,77.8%,64.3%
W21,06,Evan,4,0,4,3,7,0,11,0.3,0.7273,30.0%,72.7%
W21,07,Alex,4,2,9,0,3,0,15,0.25,0.8667,25.0%,86.7%
W21,07,Charlie,6,2,7,0,2,0,15,0.5,0.8667,50.0%,86.7%
W21,07,Doug,5,2,8,0,2,0,15,0.5,0.8667,50.0%,86.7%
W21,07,Evan,3,1,5,1,2,0,10,0.5,0.8,50.0%,80.0%
W21,08,Alex,4,1,10,0,0,0,15,1.0,0.9333,100.0%,93.3%
W21,08,Charlie,6,1,7,1,0,0,15,1.0,0.8667,100.0%,86.7%
W21,08,Doug,8,1,7,0,0,0,16,1.0,0.9375,100.0%,93.8%
W21,08,Evan,4,0,6,0,1,0,10,0.0,1.0,0.0%,100.0%
W21,09,Alex,6,1,8,0,3,0,15,0.25,0.9333,25.0%,93.3%
W21,09,Charlie,5,3,7,0,2,0,15,0.5,0.8,50.0%,80.0%
W21,09,Doug,8,2,5,0,3,0,15,0.25,0.8667,25.0%,86.7%
W21,09,Evan,4,1,9,0,3,0,14,0.25,0.9286,25.0%,92.9%
W21,10,Alex,6,2,7,0,8,0,15,0.1111,0.8667,11.1%,86.7%
W21,10,Charlie,5,3,7,0,8,0,15,0.1111,0.8,11.1%,80.0%
W21,10,Doug,8,2,8,0,8,0,18,0.1111,0.8889,11.1%,88.9%
W21,10,Evan,3,2,5,0,8,0,10,0.1111,0.8,11.1%,80.0%
W21,11,Alex,6,1,8,0,8,0,15,0.1111,0.9333,11.1%,93.3%
W21,11,Charlie,7,1,7,0,7,0,15,0.2222,0.9333,22.2%,93.3%
W21,11,Doug,8,0,6,0,8,1,14,0.0,1.0,0.0%,100.0%
W21,11,Evan,5,0,5,1,7,1,11,0.125,0.9091,12.5%,90.9%
W21,12,Alex,5,2,8,0,6,0,15,0.1429,0.8667,14.3%,86.7%
W21,12,Charlie,3,2,9,1,4,0,15,0.4286,0.8,42.9%,80.0%
W21,12,Doug,7,1,7,2,4,0,17,0.4286,0.8235,42.9%,82.4%
W21,12,Evan,1,1,8,0,6,0,10,0.1429,0.9,14.3%,90.0%
W21,13,Alex,9,1,4,1,4,0,15,0.2,0.8667,20.0%,86.7%
W21,13,Charlie,6,1,7,1,3,0,15,0.4,0.8667,40.0%,86.7%
W21,13,Doug,7,2,8,0,3,0,17,0.4,0.8824,40.0%,88.2%
W21,13,Evan,4,1,7,0,4,0,12,0.2,0.9167,20.0%,91.7%
W21,14,Alex,5,1,6,3,1,0,15,0.8,0.7333,80.0%,73.3%
W21,14,Charlie,5,1,9,0,4,0,15,0.2,0.9333,20.0%,93.3%
W21,14,Doug,5,1,9,0,3,0,15,0.4,0.9333,40.0%,93.3%
W21,14,Evan,4,2,4,1,4,0,11,0.2,0.7273,20.0%,72.7%
W21,15,Alex,6,0,9,0,2,0,15,0.0,1.0,0.0%,100.0%
W21,15,Charlie,8,0,6,1,1,0,15,0.5,0.9333,50.0%,93.3%
W21,15,Doug,6,0,9,0,2,0,15,0.0,1.0,0.0%,100.0%
W21,15,Evan,2,0,9,0,2,0,11,0.0,1.0,0.0%,100.0%
W21,16,Alex,3,4,7,1,1,0,15,0.6667,0.6667,66.7%,66.7%
W21,16,Charlie,4,2,8,0,1,0,14,0.6667,0.8571,66.7%,85.7%
W21,16,Doug,3,5,7,0,2,0,15,0.3333,0.6667,33.3%,66.7%
W21,16,Evan,2,1,6,0,2,0,9,0.3333,0.8889,33.3%,88.9%
W22,01,Alex,5,1,6,2,8,1,14,0.2727,0.7857,27.3%,78.6%
W22,01,Charlie,4,2,8,0,8,1,14,0.2727,0.8571,27.3%,85.7%
W22,01,Doug,5,2,6,3,6,1,16,0.4545,0.6875,45.5%,68.8%
W22,01,Evan,4,1,5,1,9,1,11,0.1818,0.8182,18.2%,81.8%
W22,02,Alex,8,0,5,2,6,0,15,0.25,0.8667,25.0%,86.7%
W22,02,Charlie,12,3,0,0,5,0,15,0.375,0.8,37.5%,80.0%
W22,02,Doug,6,2,6,1,5,0,15,0.375,0.8,37.5%,80.0%
W22,02,Evan,4,3,4,2,3,0,13,0.625,0.6154,62.5%,61.5%
W22,03,Alex,10,0,4,1,5,0,15,0.2857,0.9333,28.6%,93.3%
W22,03,Charlie,9,1,4,1,4,0,15,0.4286,0.8667,42.9%,86.7%
W22,03,Doug,10,0,9,0,7,0,19,0.0,1.0,0.0%,100.0%
W22,03,Evan,4,0,8,1,6,0,13,0.1429,0.9231,14.3%,92.3%
W22,04,Alex,6,2,6,1,6,0,15,0.3333,0.8,33.3%,80.0%
W22,04,Charlie,7,2,5,1,7,0,15,0.2222,0.8,22.2%,80.0%
W22,04,Doug,7,3,3,2,5,0,15,0.4444,0.6667,44.4%,66.7%
W22,04,Evan,4,2,5,2,5,0,13,0.4444,0.6923,44.4%,69.2%
W22,05,Alex,5,3,6,1,5,0,15,0.2857,0.7333,28.6%,73.3%
W22,05,Charlie,6,4,4,1,4,0,15,0.4286,0.6667,42.9%,66.7%
W22,05,Doug,5,5,4,1,3,0,15,0.5714,0.6,57.1%,60.0%
W22,05,Evan,3,3,4,1,4,0,11,0.4286,0.6364,42.9%,63.6%
W22,06,Alex,6,1,7,1,5,0,15,0.2857,0.8667,28.6%,86.7%
W22,06,Charlie,5,3,6,1,3,0,15,0.5714,0.7333,57.1%,73.3%
W22,06,Doug,6,2,8,0,4,1,16,0.3333,0.875,33.3%,87.5%
W22,06,Evan,2,2,6,1,3,1,11,0.5,0.7273,50.0%,72.7%
W22,07,Alex,4,3,7,1,6,0,15,0.3333,0.7333,33.3%,73.3%
W22,07,Charlie,5,2,7,1,7,0,15,0.2222,0.8,22.2%,80.0%
W22,07,Doug,6,2,6,2,6,0,16,0.3333,0.75,33.3%,75.0%
W22,07,Evan,3,1,3,2,5,1,9,0.375,0.6667,37.5%,66.7%
W22,08,Alex,5,2,4,4,6,0,15,0.4545,0.6,45.5%,60.0%
W22,08,Charlie,5,3,4,3,6,0,15,0.4545,0.6,45.5%,60.0%
W22,08,Doug,7,1,6,3,7,0,17,0.3636,0.7647,36.4%,76.5%
W22,08,Evan,2,3,3,4,4,0,12,0.6364,0.4167,63.6%,41.7%
W22,09,Alex,4,2,8,1,5,0,15,0.375,0.8,37.5%,80.0%
W22,09,Charlie,4,3,6,2,3,0,15,0.625,0.6667,62.5%,66.7%
W22,09,Doug,4,4,6,2,2,0,16,0.75,0.625,75.0%,62.5%
W22,09,Evan,2,3,5,1,4,0,11,0.5,0.6364,50.0%,63.6%
W22,10,Alex,5,3,7,0,6,0,15,0.25,0.8,25.0%,80.0%
W22,10,Charlie,6,2,7,0,6,0,15,0.25,0.8667,25.0%,86.7%
W22,10,Doug,6,2,7,0,6,0,15,0.25,0.8667,25.0%,86.7%
W22,10,Evan,6,1,3,1,6,0,11,0.25,0.8182,25.0%,81.8%
W22,11,Alex,7,2,6,0,1,0,15,0.6667,0.8667,66.7%,86.7%
W22,11,Charlie,5,2,7,1,0,0,15,1.0,0.8,100.0%,80.0%
W22,11,Doug,8,1,4,2,0,0,15,1.0,0.8,100.0%,80.0%
W22,11,Evan,5,1,4,1,1,0,11,0.6667,0.8182,66.7%,81.8%
W22,12,Alex,6,0,6,3,3,0,15,0.5714,0.8,57.1%,80.0%
W22,12,Charlie,6,1,7,1,4,0,15,0.4286,0.8667,42.9%,86.7%
W22,12,Doug,6,1,7,1,5,0,15,0.2857,0.8667,28.6%,86.7%
W22,12,Evan,3,1,4,2,3,0,10,0.5714,0.7,57.1%,70.0%
W22,13,Alex,4,4,7,0,6,0,15,0.4,0.7333,40.0%,73.3%
W22,13,Charlie,4,3,7,1,6,0,15,0.4,0.7333,40.0%,73.3%
W22,13,Doug,7,1,7,1,7,0,16,0.3,0.875,30.0%,87.5%
W22,13,Evan,3,2,4,1,7,0,10,0.3,0.7,30.0%,70.0%
W22,14,Alex,8,0,7,0,9,0,15,0.0,1.0,0.0%,100.0%
W22,14,Charlie,6,1,7,1,6,0,15,0.3333,0.8667,33.3%,86.7%
W22,14,Doug,7,1,7,0,7,0,15,0.2222,0.9333,22.2%,93.3%
W22,14,Evan,2,3,5,1,5,0,11,0.4444,0.6364,44.4%,63.6%
W22,15,Alex,5,3,5,2,7,0,15,0.3636,0.6667,36.4%,66.7%
W22,15,Charlie,3,4,6,2,5,0,15,0.5455,0.6,54.5%,60.0%
W22,15,Doug,5,3,8,0,8,0,16,0.2727,0.8125,27.3%,81.2%
W22,15,Evan,4,1,5,1,9,0,11,0.1818,0.8182,18.2%,81.8%
W22,16,Alex,8,1,6,0,7,0,15,0.125,0.9333,12.5%,93.3%
W22,16,Charlie,6,2,7,0,6,0,15,0.25,0.8667,25.0%,86.7%
W22,16,Doug,8,1,5,1,6,0,15,0.25,0.8667,25.0%,86.7%
W22,16,Evan,3,2,4,1,5,0,10,0.375,0.7,37.5%,70.0%
W22,17,Alex,6,1,5,3,6,0,15,0.4,0.7333,40.0%,73.3%
W22,17,Charlie,3,3,8,1,6,0,15,0.4,0.7333,40.0%,73.3%
W22,17,Doug,6,2,6,1,7,0,15,0.3,0.8,30.0%,80.0%
W22,17,Evan,4,2,5,1,7,0,12,0.3,0.75,30.0%,75.0%
W22,18,Alex,7,1,6,1,2,0,15,0.6,0.8667,60.0%,86.7%
W22,18,Charlie,6,0,7,2,2,0,15,0.6,0.8667,60.0%,86.7%
W22,18,Doug,9,1,6,1,2,0,17,0.6,0.8824,60.0%,88.2%
W22,18,Evan,5,1,4,1,2,0,11,0.6,0.8182,60.0%,81.8%
W22,19,Alex,6,1,7,1,2,0,15,0.5,0.8667,50.0%,86.7%
W22,19,Charlie,6,0,8,1,3,0,15,0.25,0.9333,25.0%,93.3%
W22,19,Doug,8,1,7,1,2,0,17,0.5,0.8824,50.0%,88.2%
W22,19,Evan,6,0,4,2,2,0,12,0.5,0.8333,50.0%,83.3%
W22,20,Alex,7,2,5,1,1,0,15,0.75,0.8,75.0%,80.0%
W22,20,Charlie,6,3,5,1,1,0,15,0.75,0.7333,75.0%,73.3%
W22,20,Doug,3,4,9,1,1,0,17,0.75,0.7059,75.0%,70.6%
W22,20,Evan,2,2,5,1,1,0,10,0.75,0.7,75.0%,70.0%
W22,21,Alex,3,4,5,2,4,1,14,0.5,0.5714,50.0%,57.1%
W22,21,Charlie,4,4,5,2,4,0,15,0.5556,0.6,55.6%,60.0%
W22,21,Doug,5,3,7,1,5,0,16,0.4444,0.75,44.4%,75.0%
W22,21,Evan,5,2,1,4,4,0,12,0.5556,0.5,55.6%,50.0%
W22,22,Alex,7,0,8,0,2,0,15,0.0,1.0,0.0%,100.0%
W22,22,Charlie,6,0,9,0,2,0,15,0.0,1.0,0.0%,100.0%
W22,22,Doug,8,0,7,0,2,0,15,0.0,1.0,0.0%,100.0%
W22,22,Evan,3,0,6,1,1,0,10,0.5,0.9,50.0%,90.0%
W22,23,Alex,7,1,4,2,7,1,14,0.3,0.7857,30.0%,78.6%
W22,23,Charlie,6,1,5,2,7,1,14,0.3,0.7857,30.0%,78.6%
W22,23,Doug,6,3,6,2,6,0,17,0.4545,0.7059,45.5%,70.6%
W22,23,Evan,4,3,3,1,7,0,11,0.3636,0.6364,36.4%,63.6%
W24,01,Alex,5,3,5,2,5,0,15,0.5,0.6667,50.0%,66.7%
W24,01,Charlie,5,0,6,2,7,1,13,0.2222,0.8462,22.2%,84.6%
W24,01,Doug,8,1,5,1,7,0,15,0.3,0.8667,30.0%,86.7%
W24,01,Evan,2,3,7,0,6,0,12,0.4,0.75,40.0%,75.0%
W24,02,Alex,5,3,7,0,7,0,15,0.3636,0.8,36.4%,80.0%
W24,02,Charlie,4,2,8,0,8,1,14,0.2,0.8571,20.0%,85.7%
W24,02,Doug,4,4,10,2,6,0,20,0.4545,0.7,45.5%,70.0%
W24,02,Evan,1,4,6,0,6,0,11,0.4545,0.6364,45.5%,63.6%
W24,03,Alex,6,1,7,1,9,0,15,0.25,0.8667,25.0%,86.7%
W24,03,Charlie,6,1,5,1,8,1,13,0.2727,0.8462,27.3%,84.6%
W24,03,Doug,6,2,11,1,9,0,20,0.25,0.85,25.0%,85.0%
W24,03,Evan,4,2,5,1,8,0,12,0.3333,0.75,33.3%,75.0%
W24,04,Alex,5,3,7,0,6,0,15,0.4545,0.8,45.5%,80.0%
W24,04,Charlie,7,1,6,1,7,0,15,0.3636,0.8667,36.4%,86.7%
W24,04,Doug,8,7,0,0,4,0,15,0.6364,0.5333,63.6%,53.3%
W24,04,Evan,1,5,6,0,7,0,12,0.3636,0.5833,36.4%,58.3%
W24,05,Alex,5,1,8,0,8,1,14,0.1111,0.9286,11.1%,92.9%
W24,05,Charlie,5,0,8,0,8,2,13,0.0,1.0,0.0%,100.0%
W24,05,Doug,5,1,10,0,9,0,16,0.1,0.9375,10.0%,93.8%
W24,05,Evan,4,1,6,0,9,0,11,0.1,0.9091,10.0%,90.9%
W24,06,Alex,3,1,9,1,11,1,14,0.2143,0.8571,21.4%,85.7%
W24,06,Charlie,4,2,10,0,11,1,16,0.1538,0.875,15.4%,87.5%
W24,06,Doug,5,0,9,1,11,2,15,0.0833,0.9333,8.3%,93.3%
W24,06,Evan,3,1,2,3,10,0,9,0.2857,0.5556,28.6%,55.6%
W24,07,Alex,10,5,0,0,6,0,15,0.4545,0.6667,45.5%,66.7%
W24,07,Charlie,5,2,5,3,6,0,15,0.4545,0.6667,45.5%,66.7%
W24,07,Doug,7,3,7,3,6,0,20,0.4545,0.7,45.5%,70.0%
W24,07,Evan,2,2,4,2,8,0,10,0.2727,0.6,27.3%,60.0%
W24,08,Alex,5,0,8,1,1,1,14,0.6667,0.9286,66.7%,92.9%
W24,08,Charlie,4,0,8,1,2,1,13,0.3333,0.9231,33.3%,92.3%
W24,08,Doug,7,0,7,0,3,1,14,0.0,1.0,0.0%,100.0%
W24,08,Evan,7,0,4,1,2,1,12,0.3333,0.9167,33.3%,91.7%
W24,09,Alex,4,3,7,1,5,0,15,0.4444,0.7333,44.4%,73.3%
W24,09,Charlie,3,2,9,0,7,0,14,0.2222,0.8571,22.2%,85.7%
W24,09,Doug,5,2,7,1,5,0,15,0.4444,0.8,44.4%,80.0%
W24,09,Evan,3,2,8,0,6,0,13,0.3333,0.8462,33.3%,84.6%
W24,10,Alex,8,0,7,0,7,0,15,0.0,1.0,0.0%,100.0%
W24,10,Charlie,5,1,8,1,5,0,15,0.2857,0.8667,28.6%,86.7%
W24,10,Doug,6,2,9,1,4,0,18,0.4286,0.8333,42.9%,83.3%
W24,10,Evan,5,2,3,1,4,0,11,0.4286,0.7273,42.9%,72.7%
W24,11,Alex,4,0,8,2,10,1,14,0.1667,0.8571,16.7%,85.7%
W24,11,Charlie,5,2,8,0,11,0,15,0.2143,0.8667,21.4%,86.7%
W24,11,Doug,4,2,6,4,9,1,16,0.3077,0.625,30.8%,62.5%
W24,11,Evan,2,1,4,2,10,0,9,0.2857,0.6667,28.6%,66.7%
W24,12,Alex,6,0,9,0,2,1,15,0.0,1.0,0.0%,100.0%
W24,12,Charlie,7,0,8,0,2,1,15,0.0,1.0,0.0%,100.0%
W24,12,Doug,7,0,8,0,3,0,15,0.0,1.0,0.0%,100.0%
W24,12,Evan,2,0,7,0,3,0,9,0.0,1.0,0.0%,100.0%
W24,13,Alex,8,2,4,1,13,0,15,0.1875,0.8,18.8%,80.0%
W24,13,Charlie,6,4,7,0,12,0,17,0.25,0.7647,25.0%,76.5%
W24,13,Doug,5,5,5,0,12,0,15,0.25,0.6667,25.0%,66.7%
W24,13,Evan,2,3,6,1,12,0,12,0.25,0.6667,25.0%,66.7%
W24,14,Alex,5,3,6,1,9,0,15,0.25,0.7333,25.0%,73.3%
W24,14,Charlie,2,3,8,2,9,0,15,0.25,0.6667,25.0%,66.7%
W24,14,Doug,4,4,4,3,7,0,15,0.4167,0.5333,41.7%,53.3%
W24,14,Evan,4,2,4,1,8,0,11,0.3333,0.7273,33.3%,72.7%
W24,15,Alex,6,1,7,1,3,0,15,0.4,0.8667,40.0%,86.7%
W24,15,Charlie,5,1,9,1,3,0,16,0.4,0.875,40.0%,87.5%
W24,15,Doug,5,2,9,0,4,0,16,0.2,0.875,20.0%,87.5%
W24,15,Evan,4,2,4,1,3,0,11,0.4,0.7273,40.0%,72.7%
W24,16,Alex,7,1,6,1,6,0,15,0.3333,0.8667,33.3%,86.7%
W24,16,Charlie,5,3,6,1,6,0,15,0.3333,0.7333,33.3%,73.3%
W24,16,Doug,6,2,7,1,6,0,16,0.3333,0.8125,33.3%,81.2%
W24,16,Evan,2,4,3,0,6,0,9,0.3333,0.5556,33.3%,55.6%
W25,01,Alex,8,0,6,1,9,0,15,0.1,0.9333,10.0%,93.3%
W25,01,Charlie,5,2,8,1,8,0,16,0.2,0.8125,20.0%,81.2%
W25,01,Doug,5,2,10,0,8,0,17,0.2,0.8824,20.0%,88.2%
W25,01,Evan,3,0,3,2,8,0,8,0.2,0.75,20.0%,75.0%
W25,02,Alex,4,2,9,0,5,0,15,0.2857,0.8667,28.6%,86.7%
W25,02,Charlie,4,2,7,1,4,0,14,0.4286,0.7857,42.9%,78.6%
W25,02,Doug,3,3,8,0,4,1,14,0.4286,0.7857,42.9%,78.6%
W25,02,Evan,3,3,7,0,4,0,13,0.4286,0.7692,42.9%,76.9%
W25,03,Alex,5,3,5,2,5,0,15,0.5833,0.6667,58.3%,66.7%
W25,03,Charlie,4,2,7,2,8,0,15,0.3333,0.7333,33.3%,73.3%
W25,03,Doug,7,0,6,2,9,0,15,0.25,0.8667,25.0%,86.7%
W25,03,Evan,3,1,4,1,8,0,9,0.3333,0.7778,33.3%,77.8%
W25,04,Alex,6,0,8,1,15,0,15,0.0625,0.9333,6.2%,93.3%
W25,04,Charlie,5,0,10,0,16,0,15,0.0,1.0,0.0%,100.0%
W25,04,Doug,7,0,7,1,14,0,15,0.125,0.9333,12.5%,93.3%
W25,04,Evan,7,0,4,0,16,0,11,0.0,1.0,0.0%,100.0%
W25,05,Alex,8,1,6,0,7,0,15,0.2222,0.9333,22.2%,93.3%
W25,05,Charlie,7,1,7,0,7,0,15,0.2222,0.9333,22.2%,93.3%
W25,05,Doug,9,1,9,0,7,0,19,0.2222,0.9474,22.2%,94.7%
W25,05,Evan,6,2,6,1,6,0,15,0.3333,0.8,33.3%,80.0%
W25,06,Alex,9,0,5,1,10,0,15,0.0909,0.9333,9.1%,93.3%
W25,06,Charlie,5,2,7,1,7,0,15,0.3636,0.8,36.4%,80.0%
W25,06,Doug,4,3,10,1,8,0,18,0.2727,0.7778,27.3%,77.8%
W25,06,Evan,4,0,4,3,6,1,11,0.4,0.7273,40.0%,72.7%
W25,07,Alex,6,2,4,3,6,0,15,0.4545,0.6667,45.5%,66.7%
W25,07,Charlie,6,2,5,2,7,0,15,0.3636,0.7333,36.4%,73.3%
W25,07,Doug,5,2,7,1,8,0,15,0.2727,0.8,27.3%,80.0%
W25,07,Evan,2,2,6,1,7,1,11,0.3,0.7273,30.0%,72.7%
W25,08,Alex,5,2,7,1,7,0,15,0.3,0.8,30.0%,80.0%
W25,08,Charlie,5,0,6,3,7,0,14,0.3,0.7857,30.0%,78.6%
W25,08,Doug,5,3,7,0,8,0,15,0.2,0.8,20.0%,80.0%
W25,08,Evan,4,1,4,1,8,0,10,0.2,0.8,20.0%,80.0%
W25,09,Alex,6,2,6,1,5,0,15,0.2857,0.8,28.6%,80.0%
W25,09,Charlie,6,4,3,2,4,0,15,0.4286,0.6,42.9%,60.0%
W25,09,Doug,8,2,7,0,5,0,17,0.2857,0.8824,28.6%,88.2%
W25,09,Evan,6,2,9,1,5,0,18,0.2857,0.8333,28.6%,83.3%
W25,10,Alex,5,2,7,0,1,1,14,0.6667,0.8571,66.7%,85.7%
W25,10,Charlie,6,1,5,2,1,1,14,0.6667,0.7857,66.7%,78.6%
W25,10,Doug,4,2,7,1,1,1,14,0.75,0.7857,75.0%,78.6%
W25,10,Evan,4,0,4,1,3,0,9,0.25,0.8889,25.0%,88.9%
W25,11,Alex,5,2,7,1,8,0,15,0.2727,0.8,27.3%,80.0%
W25,11,Charlie,5,1,6,3,8,0,15,0.2727,0.7333,27.3%,73.3%
W25,11,Doug,6,1,6,2,8,0,15,0.2727,0.8,27.3%,80.0%
W25,11,Evan,3,1,6,0,10,0,10,0.0909,0.9,9.1%,90.0%
W25,12,Alex,8,0,6,0,8,1,14,0.0,1.0,0.0%,100.0%
W25,12,Charlie,6,0,9,0,9,0,15,0.0,1.0,0.0%,100.0%
W25,12,Doug,5,1,9,0,7,0,15,0.2222,0.9333,22.2%,93.3%
W25,12,Evan,8,1,4,0,8,0,13,0.1111,0.9231,11.1%,92.3%
W25,13,Alex,9,2,3,1,9,0,15,0.3571,0.8,35.7%,80.0%
W25,13,Charlie,3,6,5,1,6,0,15,0.5714,0.5333,57.1%,53.3%
W25,13,Doug,5,4,5,1,7,0,15,0.5,0.6667,50.0%,66.7%
W25,13,Evan,3,4,2,3,6,0,12,0.5714,0.4167,57.1%,41.7%
W25,14,Alex,7,0,8,0,5,0,15,0.0,1.0,0.0%,100.0%
W25,14,Charlie,6,1,7,1,3,0,15,0.4,0.8667,40.0%,86.7%
W25,14,Doug,7,1,10,0,4,0,18,0.2,0.9444,20.0%,94.4%
W25,14,Evan,6,1,6,0,4,0,13,0.2,0.9231,20.0%,92.3%
W25,15,Alex,6,1,8,0,4,0,15,0.3333,0.9333,33.3%,93.3%
W25,15,Charlie,6,1,7,1,3,0,15,0.5,0.8667,50.0%,86.7%
W25,15,Doug,5,2,8,0,4,0,15,0.3333,0.8667,33.3%,86.7%
W25,15,Evan,4,1,6,1,3,0,12,0.5,0.8333,50.0%,83.3%
W25,16,Alex,6,1,7,1,7,0,15,0.125,0.8667,12.5%,86.7%
W25,16,Charlie,3,2,8,1,5,0,14,0.375,0.7857,37.5%,78.6%
W25,16,Doug,5,1,6,3,5,0,15,0.375,0.7333,37.5%,73.3%
W25,16,Evan,3,2,5,0,6,0,10,0.25,0.8,25.0%,80.0%
W25,17,Alex,4,1,8,2,5,0,15,0.375,0.8,37.5%,80.0%
W25,17,Charlie,6,0,7,2,6,0,15,0.25,0.8667,25.0%,86.7%
W25,17,Doug,9,1,7,0,7,0,17,0.125,0.9412,12.5%,94.1%
W25,17,Evan,3,1,3,1,6,0,8,0.25,0.75,25.0%,75.0%
